0,2488703475902788; 2,07444253352932e-10
0,39565388658322687; 8,366334246839758e-11
0,6290102436234459; 2,0082459574328868e-11
1; 9,525181053347332e-12
1,5897992284504754; 5,5780046662824495e-12
2,4887034759027853; 3,659150579252188e-12
3,9565388658322687; 2,561242526798847e-12
3,9565388658322687; 2,561242526798847e-12
6,290102436234453; 1,822062962810407e-12
10; 1,4520174344291447e-12
15,654199796841278; 1,254849232252333e-12
24,887034759027852; 1,1385130897615416e-12
39,565388658322604; 1,2753629690224042e-12
62,901024362344536; 1,4520174344291447e-12
100; 2,1778510265695557e-12
156,54199796841277; 3,3741859607341466e-12
389,5866144687548; 8,503103488959825e-12
389,5866144687548; 8,503103488959825e-12
619,3644990970599; 1,3389382961641571e-11
984,665202794122; 2,1083546298861695e-11
1565,4199796841278; 3,600294509562185e-11
