0,2488703475902788; 1,8518492662458176e-10
0,39565388658322687; 6,999554872984405e-11
0,6290102436234459; 1,7639199544499893e-11
1; 8,099360024769173e-12
1,5654199796841286; 4,820572196322362e-12
2,4887034759027853; 3,0121267254059503e-12
3,9565388658322687; 2,074442533529337e-12
6,290102436234453; 1,4056827777500711e-12
9,84665202794122; 1,0498488106413314e-12
15,654199796841278; 8,642108575959921e-13
24,887034759027852; 6,886969648495705e-13
39,565388658322604; 6,559963281082944e-13
61,936449909706056; 7,590697598189251e-13
98,46652027941221; 7,11398059241078e-13
156,54199796841277; 9,371972075541341e-13
248,87034759027827; 1,2346654512724954e-12
389,5866144687548; 1,9128906344201185e-12
619,3644990970599; 3,1114136057068653e-12
984,665202794122; 4,743035093930048e-12
1565,4199796841278; 8,23176488687036e-12
1565,4199796841278; 8,23176488687036e-12
