418,24289443334703; 1,8939663679892835e-10
743,7527275659038; 1,522235170295552e-10
743,7527275659038; 1,522235170295552e-10
1322,600161590735; 1,2867348130251375e-10
2351,9526350709566; 1,1248507196627248e-10
4182,42894433347; 9,193982010218501e-11
7437,527275659038; 7,145203438308506e-11
13226,001615907378; 5,460422875269844e-11
23519,526350709613; 4,1033511709553316e-11
23519,526350709613; 4,1033511709553316e-11
41824,28944333479; 3,468534234897855e-11
74375,27275659054; 2,6956092271594427e-11
74375,27275659054; 2,6956092271594427e-11
132260,0161590738; 2,4783382741083016e-11
235195,26350709613; 2,5630620724274377e-11
235195,26350709613; 2,5630620724274377e-11
418242,8944333479; 2,9319278895297384e-11
743752,7275659053; 3,77261368473725e-11
1344532,8842997595; 5,1919256804767944e-11
1344532,8842997595; 5,1919256804767944e-11
2390955,1442705076; 9,040748324484241e-11
4251786,303382886; 1,6009566116629822e-10
7560864,0391913215; 2,981621797677019e-10
